Datetime,Water Level (m)
2025-09-03 12:00:00,0.6291249
2025-09-03 13:00:00,0.5984219
2025-09-03 14:00:00,0.493112
2025-09-03 15:00:00,0.34634
2025-09-03 16:00:00,0.1778929
2025-09-03 17:00:00,0.058433965
2025-09-03 18:00:00,0.013373667
2025-09-03 19:00:00,0.07425078
2025-09-03 20:00:00,0.22767651
2025-09-03 21:00:00,0.44618455
2025-09-03 22:00:00,0.6531647
2025-09-03 23:00:00,0.83301026
2025-09-04 00:00:00,0.94379514
2025-09-04 01:00:00,0.9574086
2025-09-04 02:00:00,0.87410873
2025-09-04 03:00:00,0.7068998
2025-09-04 04:00:00,0.49107128
2025-09-04 05:00:00,0.2757442
2025-09-04 06:00:00,0.109455325
2025-09-04 07:00:00,0.036284853
2025-09-04 08:00:00,0.08993054
2025-09-04 09:00:00,0.23700069
2025-09-04 10:00:00,0.4320095
2025-09-04 11:00:00,0.613186
2025-09-04 12:00:00,0.7361478
2025-09-04 13:00:00,0.7644074
2025-09-04 14:00:00,0.68233526
2025-09-04 15:00:00,0.5180405
2025-09-04 16:00:00,0.29676244
2025-09-04 17:00:00,0.07746463
2025-09-04 18:00:00,-0.07309579
2025-09-04 19:00:00,-0.12283994
2025-09-04 20:00:00,-0.031168351
2025-09-04 21:00:00,0.17416112
2025-09-04 22:00:00,0.46187374
2025-09-04 23:00:00,0.7537569
2025-09-05 00:00:00,0.9798971
2025-09-05 01:00:00,1.095748
2025-09-05 02:00:00,1.0644852
2025-09-05 03:00:00,0.89097524
2025-09-05 04:00:00,0.6228717
2025-09-05 05:00:00,0.32686162
2025-09-05 06:00:00,0.07171593
2025-09-05 07:00:00,-0.09690586
2025-09-05 08:00:00,-0.10821833
2025-09-05 09:00:00,0.025028551
2025-09-05 10:00:00,0.25571054
2025-09-05 11:00:00,0.5272835
2025-09-05 12:00:00,0.7644923
2025-09-05 13:00:00,0.9038052
2025-09-05 14:00:00,0.9029772
2025-09-05 15:00:00,0.75896746
2025-09-05 16:00:00,0.5055578
2025-09-05 17:00:00,0.19877106
2025-09-05 18:00:00,-0.06910087
2025-09-05 19:00:00,-0.22883196
2025-09-05 20:00:00,-0.2314747
2025-09-05 21:00:00,-0.06286391
2025-09-05 22:00:00,0.24421883
2025-09-05 23:00:00,0.6195676
2025-09-06 00:00:00,0.9601929
2025-09-06 01:00:00,1.1746511
2025-09-06 02:00:00,1.2402997
2025-09-06 03:00:00,1.1142753
2025-09-06 04:00:00,0.83422637
2025-09-06 05:00:00,0.47906047
2025-09-06 06:00:00,0.13218838
2025-09-06 07:00:00,-0.14560828
2025-09-06 08:00:00,-0.26814967
2025-09-06 09:00:00,-0.19792995
2025-09-06 10:00:00,0.025038304
2025-09-06 11:00:00,0.3519063
2025-09-06 12:00:00,0.688429
2025-09-06 13:00:00,0.94877344
2025-09-06 14:00:00,1.057374
2025-09-06 15:00:00,0.98674804
2025-09-06 16:00:00,0.7511165
2025-09-06 17:00:00,0.4010954
2025-09-06 18:00:00,0.034511626
2025-09-06 19:00:00,-0.25250426
2025-09-06 20:00:00,-0.38333145
2025-09-06 21:00:00,-0.32673287
2025-09-06 22:00:00,-0.05944807
2025-09-06 23:00:00,0.3254821
2025-09-07 00:00:00,0.74373674
2025-09-07 01:00:00,1.0829282
2025-09-07 02:00:00,1.2855089
2025-09-07 03:00:00,1.2680256
2025-09-07 04:00:00,1.0498663
2025-09-07 05:00:00,0.68943554
2025-09-07 06:00:00,0.27258635
2025-09-07 07:00:00,-0.112955935
2025-09-07 08:00:00,-0.35684806
2025-09-07 09:00:00,-0.3924362
2025-09-07 10:00:00,-0.22385232
2025-09-07 11:00:00,0.10937291
2025-09-07 12:00:00,0.52698857
2025-09-07 13:00:00,0.9001576
2025-09-07 14:00:00,1.1378378
2025-09-07 15:00:00,1.1861675
2025-09-07 16:00:00,1.0301635
2025-09-07 17:00:00,0.70165205
2025-09-07 18:00:00,0.2864446
2025-09-07 19:00:00,-0.09962286
2025-09-07 20:00:00,-0.36614352
2025-09-07 21:00:00,-0.44699216
2025-09-07 22:00:00,-0.28648135
2025-09-07 23:00:00,0.054955658
2025-09-08 00:00:00,0.5037219
2025-09-08 01:00:00,0.94684476
2025-09-08 02:00:00,1.2676301
2025-09-08 03:00:00,1.3720918
2025-09-08 04:00:00,1.2587568
2025-09-08 05:00:00,0.94112337
2025-09-08 06:00:00,0.50977564
2025-09-08 07:00:00,0.04915615
2025-09-08 08:00:00,-0.3071661
2025-09-08 09:00:00,-0.47253168
2025-09-08 10:00:00,-0.41768768
2025-09-08 11:00:00,-0.14518069
2025-09-08 12:00:00,0.27972734
2025-09-08 13:00:00,0.73837084
2025-09-08 14:00:00,1.0985185
2025-09-08 15:00:00,1.2908107
2025-09-08 16:00:00,1.2466913
2025-09-08 17:00:00,0.9858415
2025-09-08 18:00:00,0.5846584
2025-09-08 19:00:00,0.14176397
2025-09-08 20:00:00,-0.24288155
2025-09-08 21:00:00,-0.45642456
2025-09-08 22:00:00,-0.44426614
2025-09-08 23:00:00,-0.20743455
2025-09-09 00:00:00,0.19637142
2025-09-09 01:00:00,0.67364377
2025-09-09 02:00:00,1.094936
2025-09-09 03:00:00,1.3390521
2025-09-09 04:00:00,1.3539963
2025-09-09 05:00:00,1.1430681
2025-09-09 06:00:00,0.75739473
2025-09-09 07:00:00,0.27405667
2025-09-09 08:00:00,-0.16882466
2025-09-09 09:00:00,-0.45999277
2025-09-09 10:00:00,-0.5442876
2025-09-09 11:00:00,-0.38122594
2025-09-09 12:00:00,-0.015029665
